t,network_k,network_q
0,5.0285140216702124e-05,0.0006984047252319738
